x,y,y'
0.000683995,0.046511628,0.15656045
0.001367989,0.023255814,0.15654995
0.002051984,0.023255814,0.15653944
0.002735978,0.372093023,0.15652893
0.003419973,0.209302326,0.15651841
0.004103967,0.139534884,0.1565079
0.004787962,0.162790698,0.15649736
0.005471956,0.255813953,0.15648681
0.006155951,0.255813953,0.15647626
0.006839945,0.023255814,0.15646571
0.00752394,0.279069767,0.15645514
0.008207934,0.325581395,0.15644458
0.008891929,0.302325581,0.156434
0.009575923,0.046511628,0.15642342
0.010259918,0.093023256,0.15641282
0.010943912,0.11627907,0.15640223
0.011627907,0.325581395,0.15639162
0.012311902,0.139534884,0.15638101
0.012995896,0.093023256,0.15637039
0.013679891,0.162790698,0.15635976
0.014363885,0.11627907,0.15634912
0.01504788,0.186046512,0.15633848
0.015731874,0.162790698,0.15632784
0.016415869,0.348837209,0.15631717
0.017099863,0.255813953,0.15630652
0.017783858,0.069767442,0.15629585
0.018467852,0.093023256,0.15628517
0.019151847,0.139534884,0.15627448
0.019835841,0.186046512,0.1562638
0.020519836,0.093023256,0.1562531
0.02120383,0.162790698,0.15624239
0.021887825,0.069767442,0.15623167
0.022571819,0.186046512,0.15622096
0.023255814,0.046511628,0.15621023
0.023939808,0.069767442,0.1561995
0.024623803,0.023255814,0.15618876
0.025307798,0.069767442,0.156178
0.025991792,0.046511628,0.15616725
0.026675787,0.23255814,0.15615648
0.027359781,0.11627907,0.1561457
0.028043776,0.418604651,0.15613493
0.02872777,0.093023256,0.15612414
0.029411765,0.023255814,0.15611336
0.030095759,0.069767442,0.15610255
0.030779754,0.162790698,0.15609175
0.031463748,0.255813953,0.15608093
0.032147743,0.069767442,0.15607011
0.032831737,0.046511628,0.1560593
0.033515732,0.046511628,0.15604846
0.034199726,0.11627907,0.15603761
0.034883721,0.162790698,0.15602677
0.035567715,0.023255814,0.1560159
0.03625171,0.046511628,0.15600504
0.036935705,0.325581395,0.15599418
0.037619699,0.255813953,0.1559833
0.038303694,0.23255814,0.1559724
0.038987688,0.046511628,0.15596151
0.039671683,0.093023256,0.15595062
0.040355677,0.209302326,0.15593971
0.041039672,0.465116279,0.15592879
0.041723666,0.093023256,0.15591787
0.042407661,0.046511628,0.15590695
0.043091655,0.255813953,0.15589601
0.04377565,0.046511628,0.15588507
0.044459644,0.046511628,0.15587412
0.045143639,0.162790698,0.15586317
0.045827633,0.023255814,0.1558522
0.046511628,0.372093023,0.15584123
0.047195622,0.023255814,0.15583025
0.047879617,0.139534884,0.15581927
0.048563611,0.023255814,0.15580827
0.049247606,0.23255814,0.15579727
0.049931601,0.023255814,0.15578626
0.050615595,0.069767442,0.15577525
0.05129959,0.046511628,0.15576422
0.051983584,0.023255814,0.1557532
0.052667579,0.11627907,0.15574217
0.053351573,0.11627907,0.15573113
0.054035568,0.465116279,0.15572007
0.054719562,0.023255814,0.15570901
0.055403557,0.023255814,0.15569794
0.056087551,0.23255814,0.15568687
0.056771546,0.023255814,0.1556758
0.05745554,0.395348837,0.15566471
0.058139535,0.11627907,0.15565361
0.058823529,0.069767442,0.15564252
0.059507524,0.069767442,0.15563141
0.060191518,0.11627907,0.15562029
0.060875513,0.069767442,0.15560918
0.061559508,0.302325581,0.15559804
0.062243502,0.302325581,0.15558691
0.062927497,0.11627907,0.15557577
0.063611491,0.23255814,0.15556462
0.064295486,0.255813953,0.15555346
0.06497948,0.046511628,0.1555423
0.065663475,0.023255814,0.15553112
0.066347469,0.093023256,0.15551995
0.067031464,0.162790698,0.15550876
0.067715458,0.11627907,0.15549757
0.068399453,0.139534884,0.15548636
0.069083447,0.488372093,0.15547515
0.069767442,0.093023256,0.15546393
0.070451436,0.023255814,0.15545271
0.071135431,0.023255814,0.1554415
0.071819425,0.023255814,0.15543026
0.07250342,0.186046512,0.155419
0.073187415,0.093023256,0.15540776
0.073871409,0.209302326,0.1553965
0.074555404,0.046511628,0.15538524
0.075239398,0.11627907,0.15537396
0.075923393,0.255813953,0.15536268
0.076607387,0.372093023,0.1553514
0.077291382,0.069767442,0.1553401
0.077975376,0.162790698,0.15532881
0.078659371,0.186046512,0.1553175
0.079343365,0.186046512,0.15530619
0.08002736,0.11627907,0.15529487
0.080711354,0.209302326,0.15528353
0.081395349,0.069767442,0.1552722
0.082079343,0.348837209,0.15526085
0.082763338,0.069767442,0.1552495
0.083447332,0.441860465,0.15523814
0.084131327,0.325581395,0.15522678
0.084815321,0.093023256,0.15521541
0.085499316,0.255813953,0.15520403
0.086183311,0.11627907,0.15519264
0.086867305,0.325581395,0.15518124
0.0875513,0.139534884,0.15516984
0.088235294,0.139534884,0.15515845
0.088919289,0.511627907,0.15514703
0.089603283,0.139534884,0.1551356
0.090287278,0.069767442,0.15512417
0.090971272,0.395348837,0.15511274
0.091655267,0.046511628,0.1551013
0.092339261,0.162790698,0.15508984
0.093023256,0.069767442,0.15507838
0.09370725,0.23255814,0.15506692
0.094391245,0.162790698,0.15505545
0.095075239,0.23255814,0.15504397
0.095759234,0.395348837,0.15503249
0.096443228,0.186046512,0.15502098
0.097127223,0.046511628,0.1550095
0.097811218,0.395348837,0.15499797
0.098495212,0.023255814,0.15498647
0.099179207,0.023255814,0.15497494
0.099863201,0.162790698,0.15496342
0.100547196,0.372093023,0.15495187
0.10123119,0.069767442,0.15494034
0.101915185,0.186046512,0.15492879
0.102599179,0.23255814,0.15491723
0.103283174,0.069767442,0.15490566
0.103967168,0.093023256,0.15489408
0.104651163,0.093023256,0.1548825
0.105335157,0.162790698,0.15487093
0.106019152,0.11627907,0.15485933
0.106703146,0.139534884,0.15484773
0.107387141,0.11627907,0.15483612
0.108071135,0.023255814,0.15482451
0.10875513,0.279069767,0.15481289
0.109439124,0.093023256,0.15480125
0.110123119,0.534883721,0.15478961
0.110807114,0.069767442,0.15477797
0.111491108,0.046511628,0.15476632
0.112175103,0.023255814,0.15475467
0.112859097,0.209302326,0.154743
0.113543092,0.325581395,0.15473133
0.114227086,0.23255814,0.15471965
0.114911081,0.023255814,0.15470797
0.115595075,0.069767442,0.15469627
0.11627907,0.23255814,0.15468457
0.116963064,0.11627907,0.15467286
0.117647059,0.23255814,0.15466115
0.118331053,0.139534884,0.15464942
0.119015048,0.046511628,0.1546377
0.119699042,0.046511628,0.15462597
0.120383037,0.186046512,0.15461423
0.121067031,0.139534884,0.15460247
0.121751026,0.23255814,0.15459071
0.122435021,0.069767442,0.15457895
0.123119015,0.093023256,0.15456718
0.12380301,0.023255814,0.1545554
0.124487004,0.511627907,0.15454361
0.125170999,0.325581395,0.15453182
0.125854993,0.11627907,0.15452002
0.126538988,0.186046512,0.1545082
0.127222982,0.162790698,0.1544964
0.127906977,0.279069767,0.15448457
0.128590971,0.069767442,0.15447274
0.129274966,0.069767442,0.1544609
0.12995896,0.395348837,0.15444906
0.130642955,0.093023256,0.15443721
0.131326949,0.069767442,0.15442537
0.132010944,0.069767442,0.15441349
0.132694938,0.093023256,0.15440163
0.133378933,0.11627907,0.15438974
0.134062927,0.093023256,0.15437786
0.134746922,0.209302326,0.15436597
0.135430917,0.093023256,0.15435407
0.136114911,0.069767442,0.15434216
0.136798906,0.093023256,0.15433025
0.1374829,0.23255814,0.15431833
0.138166895,0.209302326,0.1543064
0.138850889,0.279069767,0.15429446
0.139534884,0.046511628,0.15428253
0.140218878,0.093023256,0.15427057
0.140902873,0.023255814,0.15425861
0.141586867,0.395348837,0.15424666
0.142270862,0.418604651,0.15423468
0.142954856,0.186046512,0.1542227
0.143638851,0.023255814,0.15421072
0.144322845,0.23255814,0.15419872
0.14500684,0.023255814,0.15418673
0.145690834,0.093023256,0.15417472
0.146374829,0.093023256,0.1541627
0.147058824,0.023255814,0.1541507
0.147742818,0.209302326,0.15413865
0.148426813,0.186046512,0.15412663
0.149110807,0.186046512,0.15411459
0.149794802,0.627906977,0.15410253
0.150478796,0.534883721,0.15409048
0.151162791,0.186046512,0.15407841
0.151846785,0.093023256,0.15406634
0.15253078,0.162790698,0.15405427
0.153214774,0.279069767,0.15404218
0.153898769,0.209302326,0.1540301
0.154582763,0.186046512,0.154018
0.155266758,0.139534884,0.15400589
0.155950752,0.11627907,0.15399377
0.156634747,0.186046512,0.15398166
0.157318741,0.093023256,0.15396953
0.158002736,0.023255814,0.1539574
0.158686731,0.023255814,0.15394525
0.159370725,0.139534884,0.15393311
0.16005472,0.255813953,0.15392095
0.160738714,0.139534884,0.15390879
0.161422709,0.023255814,0.15389661
0.162106703,0.023255814,0.15388444
0.162790698,0.11627907,0.15387227
0.163474692,0.093023256,0.15386008
0.164158687,0.255813953,0.15384787
0.164842681,0.186046512,0.15383567
0.165526676,0.023255814,0.15382345
0.16621067,0.11627907,0.15381123
0.166894665,0.255813953,0.15379901
0.167578659,0.069767442,0.15378678
0.168262654,0.372093023,0.15377454
0.168946648,0.186046512,0.1537623
0.169630643,0.255813953,0.15375003
0.170314637,0.023255814,0.15373778
0.170998632,0.069767442,0.1537255
0.171682627,0.046511628,0.15371323
0.172366621,0.046511628,0.15370095
0.173050616,0.348837209,0.15368865
0.17373461,0.279069767,0.15367636
0.174418605,0.139534884,0.15366407
0.175102599,0.348837209,0.15365174
0.175786594,0.162790698,0.15363944
0.176470588,0.069767442,0.15362711
0.177154583,0.023255814,0.15361477
0.177838577,0.255813953,0.15360244
0.178522572,0.139534884,0.15359008
0.179206566,0.11627907,0.15357773
0.179890561,0.023255814,0.15356538
0.180574555,0.046511628,0.15355301
0.18125855,0.046511628,0.15354064
0.181942544,0.255813953,0.15352826
0.182626539,0.069767442,0.15351586
0.183310534,0.069767442,0.15350346
0.183994528,0.023255814,0.15349106
0.184678523,0.395348837,0.15347865
0.185362517,0.209302326,0.15346624
0.186046512,0.162790698,0.15345381
0.186730506,0.093023256,0.15344138
0.187414501,0.093023256,0.15342894
0.188098495,0.093023256,0.1534165
0.18878249,0.139534884,0.15340406
0.189466484,0.162790698,0.1533916
0.190150479,0.209302326,0.15337913
0.190834473,0.162790698,0.15336666
0.191518468,0.139534884,0.15335417
0.192202462,0.069767442,0.15334168
0.192886457,0.023255814,0.1533292
0.193570451,0.139534884,0.15331669
0.194254446,0.465116279,0.15330419
0.19493844,0.023255814,0.15329167
0.195622435,0.23255814,0.15327914
0.19630643,0.023255814,0.15326662
0.196990424,0.069767442,0.15325408
0.197674419,0.162790698,0.15324153
0.198358413,0.255813953,0.15322898
0.199042408,0.23255814,0.15321644
0.199726402,0.162790698,0.15320386
0.200410397,0.139534884,0.1531913
0.201094391,0.046511628,0.15317872
0.201778386,0.209302326,0.15316613
0.20246238,0.093023256,0.15315354
0.203146375,0.139534884,0.15314093
0.203830369,0.279069767,0.15312833
0.204514364,0.046511628,0.15311572
0.205198358,0.093023256,0.1531031
0.205882353,0.093023256,0.15309046
0.206566347,0.046511628,0.15307784
0.207250342,0.093023256,0.15306519
0.207934337,0.069767442,0.15305254
0.208618331,0.023255814,0.15303989
0.209302326,0.023255814,0.15302722
0.20998632,0.023255814,0.15301456
0.210670315,0.069767442,0.15300187
0.211354309,0.023255814,0.1529892
0.212038304,0.069767442,0.1529765
0.212722298,0.023255814,0.1529638
0.213406293,0.046511628,0.1529511
0.214090287,0.023255814,0.1529384
0.214774282,0.069767442,0.15292567
0.215458276,0.023255814,0.15291294
0.216142271,0.069767442,0.1529002
0.216826265,0.162790698,0.15288746
0.21751026,0.046511628,0.15287472
0.218194254,0.348837209,0.15286197
0.218878249,0.023255814,0.15284921
0.219562244,0.488372093,0.15283644
0.220246238,0.418604651,0.15282367
0.220930233,0.209302326,0.15281089
0.221614227,0.11627907,0.1527981
0.222298222,0.139534884,0.1527853
0.222982216,0.023255814,0.1527725
0.223666211,0.139534884,0.15275969
0.224350205,0.069767442,0.15274687
0.2250342,0.139534884,0.15273404
0.225718194,0.11627907,0.15272121
0.226402189,0.046511628,0.15270838
0.227086183,0.162790698,0.15269554
0.227770178,0.023255814,0.15268268
0.228454172,0.255813953,0.15266982
0.229138167,0.093023256,0.15265696
0.229822161,0.069767442,0.15264408
0.230506156,0.11627907,0.15263121
0.23119015,0.186046512,0.15261832
0.231874145,0.069767442,0.15260541
0.23255814,0.093023256,0.15259252
0.233242134,0.093023256,0.1525796
0.233926129,0.186046512,0.1525667
0.234610123,0.302325581,0.15255378
0.235294118,0.186046512,0.15254085
0.235978112,0.23255814,0.15252791
0.236662107,0.093023256,0.15251496
0.237346101,0.186046512,0.15250202
0.238030096,0.093023256,0.15248907
0.23871409,0.186046512,0.1524761
0.239398085,0.302325581,0.15246312
0.240082079,0.069767442,0.15245014
0.240766074,0.139534884,0.15243717
0.241450068,0.023255814,0.15242417
0.242134063,0.093023256,0.15241118
0.242818057,0.023255814,0.15239817
0.243502052,0.023255814,0.15238516
0.244186047,0.046511628,0.15237214
0.244870041,0.279069767,0.15235911
0.245554036,0.069767442,0.15234607
0.24623803,0.046511628,0.15233304
0.246922025,0.023255814,0.15232
0.247606019,0.162790698,0.15230693
0.248290014,0.069767442,0.15229388
0.248974008,0.162790698,0.15228081
0.249658003,0.139534884,0.15226774
0.250341997,0.279069767,0.15225466
0.251025992,0.23255814,0.15224156
0.251709986,0.162790698,0.15222846
0.252393981,0.069767442,0.15221536
0.253077975,0.046511628,0.15220225
0.25376197,0.325581395,0.15218914
0.254445964,0.162790698,0.15217601
0.255129959,0.162790698,0.15216288
0.255813953,0.093023256,0.15214974
0.256497948,0.162790698,0.1521366
0.257181943,0.465116279,0.15212345
0.257865937,0.046511628,0.1521103
0.258549932,0.255813953,0.15209712
0.259233926,0.186046512,0.15208395
0.259917921,0.395348837,0.15207078
0.260601915,0.093023256,0.15205759
0.26128591,0.046511628,0.15204439
0.261969904,0.162790698,0.1520312
0.262653899,0.395348837,0.15201798
0.263337893,0.139534884,0.15200478
0.264021888,0.046511628,0.15199155
0.264705882,0.279069767,0.15197833
0.265389877,0.11627907,0.15196508
0.266073871,0.139534884,0.15195185
0.266757866,0.11627907,0.1519386
0.26744186,0.186046512,0.15192534
0.268125855,0.23255814,0.15191208
0.26880985,0.162790698,0.15189882
0.269493844,0.325581395,0.15188554
0.270177839,0.348837209,0.15187225
0.270861833,0.209302326,0.15185896
0.271545828,0.348837209,0.15184566
0.272229822,0.046511628,0.15183236
0.272913817,0.023255814,0.15181905
0.273597811,0.093023256,0.15180573
0.274281806,0.325581395,0.1517924
0.2749658,0.069767442,0.15177907
0.275649795,0.186046512,0.15176573
0.276333789,0.069767442,0.1517524
0.277017784,0.139534884,0.15173905
0.277701778,0.023255814,0.15172568
0.278385773,0.255813953,0.15171231
0.279069767,0.279069767,0.15169895
0.279753762,0.139534884,0.15168557
0.280437756,0.046511628,0.15167217
0.281121751,0.046511628,0.15165879
0.281805746,0.046511628,0.15164538
0.28248974,0.046511628,0.15163198
0.283173735,0.023255814,0.15161856
0.283857729,0.209302326,0.15160514
0.284541724,0.279069767,0.1515917
0.285225718,0.069767442,0.15157828
0.285909713,0.069767442,0.15156484
0.286593707,0.11627907,0.15155138
0.287277702,0.325581395,0.15153793
0.287961696,0.046511628,0.15152447
0.288645691,0.11627907,0.151511
0.289329685,0.023255814,0.15149753
0.29001368,0.069767442,0.15148404
0.290697674,0.046511628,0.15147054
0.291381669,0.139534884,0.15145706
0.292065663,0.11627907,0.15144354
0.292749658,0.186046512,0.15143004
0.293433653,0.395348837,0.15141653
0.294117647,0.023255814,0.151403
0.294801642,0.023255814,0.15138946
0.295485636,0.186046512,0.15137592
0.296169631,0.069767442,0.15136237
0.296853625,0.069767442,0.15134883
0.29753762,0.046511628,0.15133527
0.298221614,0.093023256,0.15132171
0.298905609,0.046511628,0.15130813
0.299589603,0.069767442,0.15129456
0.300273598,0.255813953,0.15128097
0.300957592,0.209302326,0.15126738
0.301641587,0.23255814,0.15125377
0.302325581,0.046511628,0.15124017
0.303009576,0.139534884,0.15122655
0.30369357,0.11627907,0.15121293
0.304377565,0.23255814,0.15119931
0.30506156,0.069767442,0.15118568
0.305745554,0.348837209,0.15117203
0.306429549,0.209302326,0.15115838
0.307113543,0.441860465,0.15114473
0.307797538,0.348837209,0.15113106
0.308481532,0.139534884,0.1511174
0.309165527,0.023255814,0.15110372
0.309849521,0.162790698,0.15109004
0.310533516,0.046511628,0.15107635
0.31121751,0.255813953,0.15106265
0.311901505,0.069767442,0.15104896
0.312585499,0.23255814,0.15103525
0.313269494,0.023255814,0.15102153
0.313953488,0.255813953,0.1510078
0.314637483,0.418604651,0.15099408
0.315321477,0.186046512,0.15098034
0.316005472,0.046511628,0.1509666
0.316689466,0.23255814,0.15095285
0.317373461,0.23255814,0.15093909
0.318057456,0.139534884,0.15092532
0.31874145,0.023255814,0.15091155
0.319425445,0.418604651,0.15089777
0.320109439,0.209302326,0.15088399
0.320793434,0.23255814,0.1508702
0.321477428,0.023255814,0.1508564
0.322161423,0.046511628,0.15084259
0.322845417,0.23255814,0.15082878
0.323529412,0.139534884,0.15081497
0.324213406,0.279069767,0.15080114
0.324897401,0.11627907,0.15078731
0.325581395,0.162790698,0.15077347
0.32626539,0.279069767,0.15075962
0.326949384,0.255813953,0.15074576
0.327633379,0.11627907,0.1507319
0.328317373,0.046511628,0.15071805
0.329001368,0.046511628,0.15070418
0.329685363,0.093023256,0.15069029
0.330369357,0.046511628,0.1506764
0.331053352,0.302325581,0.15066251
0.331737346,0.325581395,0.15064861
0.332421341,0.372093023,0.1506347
0.333105335,0.046511628,0.15062079
0.33378933,0.11627907,0.15060687
0.334473324,0.139534884,0.15059294
0.335157319,0.11627907,0.150579
0.335841313,0.162790698,0.15056507
0.336525308,0.023255814,0.15055113
0.337209302,0.186046512,0.15053716
0.337893297,0.186046512,0.1505232
0.338577291,0.093023256,0.15050924
0.339261286,0.046511628,0.15049526
0.33994528,0.139534884,0.15048128
0.340629275,0.023255814,0.15046729
0.341313269,0.069767442,0.1504533
0.341997264,0.139534884,0.15043929
0.342681259,0.069767442,0.15042529
0.343365253,0.209302326,0.15041128
0.344049248,0.023255814,0.15039726
0.344733242,0.279069767,0.15038322
0.345417237,0.441860465,0.15036918
0.346101231,0.11627907,0.15035515
0.346785226,0.11627907,0.1503411
0.34746922,0.023255814,0.15032704
0.348153215,0.069767442,0.15031298
0.348837209,0.279069767,0.15029891
0.349521204,0.093023256,0.15028483
0.350205198,0.325581395,0.15027075
0.350889193,0.023255814,0.15025666
0.351573187,0.139534884,0.15024257
0.352257182,0.046511628,0.15022846
0.352941176,0.046511628,0.15021434
0.353625171,0.139534884,0.15020023
0.354309166,0.325581395,0.1501861
0.35499316,0.023255814,0.15017198
0.355677155,0.046511628,0.15015784
0.356361149,0.023255814,0.1501437
0.357045144,0.069767442,0.15012954
0.357729138,0.162790698,0.15011539
0.358413133,0.162790698,0.15010123
0.359097127,0.023255814,0.15008706
0.359781122,0.186046512,0.15007289
0.360465116,0.11627907,0.1500587
0.361149111,0.046511628,0.1500445
0.361833105,0.139534884,0.15003031
0.3625171,0.023255814,0.1500161
0.363201094,0.11627907,0.1500019
0.363885089,0.534883721,0.14998768
0.364569083,0.139534884,0.14997345
0.365253078,0.023255814,0.14995922
0.365937073,0.139534884,0.14994499
0.366621067,0.093023256,0.14993075
0.367305062,0.23255814,0.14991648
0.367989056,0.046511628,0.14990222
0.368673051,0.069767442,0.14988796
0.369357045,0.348837209,0.14987369
0.37004104,0.069767442,0.14985941
0.370725034,0.23255814,0.14984514
0.371409029,0.348837209,0.14983085
0.372093023,0.255813953,0.14981654
0.372777018,0.372093023,0.14980224
0.373461012,0.023255814,0.14978793
0.374145007,0.139534884,0.14977361
0.374829001,0.279069767,0.14975928
0.375512996,0.11627907,0.14974496
0.37619699,0.279069767,0.14973062
0.376880985,0.348837209,0.14971627
0.377564979,0.302325581,0.14970192
0.378248974,0.069767442,0.14968756
0.378932969,0.372093023,0.1496732
0.379616963,0.046511628,0.14965883
0.380300958,0.139534884,0.14964445
0.380984952,0.139534884,0.14963007
0.381668947,0.093023256,0.14961568
0.382352941,0.046511628,0.14960127
0.383036936,0.093023256,0.14958687
0.38372093,0.093023256,0.14957246
0.384404925,0.209302326,0.14955804
0.385088919,0.093023256,0.14954361
0.385772914,0.069767442,0.14952919
0.386456908,0.069767442,0.14951475
0.387140903,0.23255814,0.1495003
0.387824897,0.162790698,0.14948584
0.388508892,0.162790698,0.14947139
0.389192886,0.093023256,0.14945692
0.389876881,0.046511628,0.14944245
0.390560876,0.139534884,0.14942798
0.39124487,0.23255814,0.1494135
0.391928865,0.069767442,0.149399
0.392612859,0.093023256,0.1493845
0.393296854,0.093023256,0.14937
0.393980848,0.186046512,0.14935549
0.394664843,0.069767442,0.14934097
0.395348837,0.372093023,0.14932644
0.396032832,0.139534884,0.14931192
0.396716826,0.279069767,0.14929737
0.397400821,0.11627907,0.14928283
0.398084815,0.162790698,0.14926828
0.39876881,0.046511628,0.14925373
0.399452804,0.23255814,0.14923915
0.400136799,0.023255814,0.14922458
0.400820793,0.139534884,0.14921
0.401504788,0.23255814,0.14919542
0.402188782,0.186046512,0.14918083
0.402872777,0.023255814,0.14916624
0.403556772,0.465116279,0.14915164
0.404240766,0.023255814,0.14913702
0.404924761,0.279069767,0.1491224
0.405608755,0.046511628,0.14910778
0.40629275,0.093023256,0.14909315
0.406976744,0.023255814,0.14907852
0.407660739,0.046511628,0.14906387
0.408344733,0.069767442,0.14904922
0.409028728,0.139534884,0.14903456
0.409712722,0.023255814,0.1490199
0.410396717,0.069767442,0.14900523
0.411080711,0.139534884,0.14899056
0.411764706,0.186046512,0.14897586
0.4124487,0.069767442,0.14896117
0.413132695,0.209302326,0.14894648
0.413816689,0.023255814,0.14893177
0.414500684,0.186046512,0.14891706
0.415184679,0.046511628,0.14890236
0.415868673,0.093023256,0.14888763
0.416552668,0.418604651,0.1488729
0.417236662,0.046511628,0.14885816
0.417920657,0.23255814,0.14884342
0.418604651,0.162790698,0.14882867
0.419288646,0.046511628,0.14881392
0.41997264,0.046511628,0.14879915
0.420656635,0.139534884,0.14878438
0.421340629,0.093023256,0.14876962
0.422024624,0.11627907,0.14875484
0.422708618,0.093023256,0.14874004
0.423392613,0.046511628,0.14872524
0.424076607,0.162790698,0.14871044
0.424760602,0.139534884,0.14869563
0.425444596,0.162790698,0.14868082
0.426128591,0.162790698,0.148666
0.426812585,0.093023256,0.14865117
0.42749658,0.11627907,0.14863634
0.428180575,0.139534884,0.1486215
0.428864569,0.046511628,0.14860664
0.429548564,0.162790698,0.1485918
0.430232558,0.139534884,0.14857693
0.430916553,0.069767442,0.14856207
0.431600547,0.046511628,0.14854719
0.432284542,0.069767442,0.14853232
0.432968536,0.162790698,0.14851743
0.433652531,0.186046512,0.14850253
0.434336525,0.186046512,0.14848764
0.43502052,0.046511628,0.14847273
0.435704514,0.162790698,0.14845781
0.436388509,0.139534884,0.1484429
0.437072503,0.023255814,0.14842796
0.437756498,0.069767442,0.14841303
0.438440492,0.069767442,0.1483981
0.439124487,0.186046512,0.14838316
0.439808482,0.046511628,0.1483682
0.440492476,0.093023256,0.14835325
0.441176471,0.069767442,0.14833827
0.441860465,0.209302326,0.14832331
0.44254446,0.046511628,0.14830834
0.443228454,0.511627907,0.14829335
0.443912449,0.325581395,0.14827836
0.444596443,0.279069767,0.14826335
0.445280438,0.093023256,0.14824834
0.445964432,0.023255814,0.14823334
0.446648427,0.302325581,0.14821832
0.447332421,0.279069767,0.1482033
0.448016416,0.11627907,0.14818828
0.44870041,0.046511628,0.14817324
0.449384405,0.069767442,0.1481582
0.450068399,0.325581395,0.14814314
0.450752394,0.488372093,0.14812809
0.451436389,0.186046512,0.14811303
0.452120383,0.139534884,0.14809796
0.452804378,0.279069767,0.14808288
0.453488372,0.302325581,0.1480678
0.454172367,0.046511628,0.1480527
0.454856361,0.302325581,0.14803761
0.455540356,0.046511628,0.14802252
0.45622435,0.488372093,0.14800741
0.456908345,0.162790698,0.1479923
0.457592339,0.093023256,0.14797717
0.458276334,0.023255814,0.14796205
0.458960328,0.11627907,0.14794691
0.459644323,0.023255814,0.14793177
0.460328317,0.046511628,0.14791663
0.461012312,0.186046512,0.14790148
0.461696306,0.186046512,0.1478863
0.462380301,0.046511628,0.14787115
0.463064295,0.093023256,0.14785598
0.46374829,0.186046512,0.1478408
0.464432285,0.093023256,0.14782561
0.465116279,0.186046512,0.14781041
0.465800274,0.023255814,0.14779522
0.466484268,0.069767442,0.14778002
0.467168263,0.372093023,0.1477648
0.467852257,0.139534884,0.14774959
0.468536252,0.279069767,0.14773437
0.469220246,0.488372093,0.14771913
0.469904241,0.372093023,0.1477039
0.470588235,0.209302326,0.14768866
0.47127223,0.139534884,0.14767341
0.471956224,0.162790698,0.14765815
0.472640219,0.093023256,0.1476429
0.473324213,0.209302326,0.14762762
0.474008208,0.093023256,0.14761235
0.474692202,0.186046512,0.14759706
0.475376197,0.093023256,0.14758177
0.476060192,0.046511628,0.14756648
0.476744186,0.046511628,0.14755118
0.477428181,0.11627907,0.14753588
0.478112175,0.279069767,0.14752056
0.47879617,0.023255814,0.14750524
0.479480164,0.465116279,0.14748992
0.480164159,0.023255814,0.14747459
0.480848153,0.465116279,0.14745924
0.481532148,0.162790698,0.14744389
0.482216142,0.325581395,0.14742854
0.482900137,0.046511628,0.1474132
0.483584131,0.186046512,0.14739782
0.484268126,0.046511628,0.14738245
0.48495212,0.023255814,0.14736708
0.485636115,0.093023256,0.1473517
0.486320109,0.11627907,0.1473363
0.487004104,0.046511628,0.1473209
0.487688098,0.441860465,0.1473055
0.488372093,0.046511628,0.1472901
0.489056088,0.11627907,0.14727467
0.489740082,0.11627907,0.14725925
0.490424077,0.302325581,0.14724383
0.491108071,0.348837209,0.14722839
0.491792066,0.255813953,0.14721295
0.49247606,0.581395349,0.1471975
0.493160055,0.023255814,0.14718205
0.493844049,0.139534884,0.1471666
0.494528044,0.372093023,0.14715113
0.495212038,0.093023256,0.14713565
0.495896033,0.11627907,0.14712018
0.496580027,0.302325581,0.14710468
0.497264022,0.069767442,0.1470892
0.497948016,0.23255814,0.1470737
0.498632011,0.046511628,0.14705819
0.499316005,0.23255814,0.14704268
0.5,0.139534884,0.14702716
0.500683995,0.465116279,0.14701164
0.501367989,0.11627907,0.14699611
0.502051984,0.23255814,0.14698057
0.502735978,0.11627907,0.14696503
0.503419973,0.046511628,0.14694948
0.504103967,0.139534884,0.14693393
0.504787962,0.325581395,0.14691837
0.505471956,0.255813953,0.1469028
0.506155951,0.186046512,0.14688723
0.506839945,0.186046512,0.14687164
0.50752394,0.046511628,0.14685605
0.508207934,0.069767442,0.14684047
0.508891929,0.046511628,0.14682487
0.509575923,0.186046512,0.14680927
0.510259918,0.139534884,0.14679365
0.510943912,0.186046512,0.14677803
0.511627907,0.046511628,0.1467624
0.512311902,0.162790698,0.14674677
0.512995896,0.093023256,0.14673114
0.513679891,0.302325581,0.14671549
0.514363885,0.069767442,0.14669985
0.51504788,0.046511628,0.14668418
0.515731874,0.372093023,0.14666852
0.516415869,0.23255814,0.14665286
0.517099863,0.186046512,0.14663719
0.517783858,0.093023256,0.1466215
0.518467852,0.255813953,0.14660582
0.519151847,0.325581395,0.14659011
0.519835841,0.069767442,0.14657442
0.520519836,0.186046512,0.14655872
0.52120383,0.139534884,0.146543
0.521887825,0.139534884,0.14652729
0.522571819,0.139534884,0.14651155
0.523255814,0.093023256,0.14649582
0.523939808,0.139534884,0.14648008
0.524623803,0.046511628,0.14646435
0.525307798,0.023255814,0.1464486
0.525991792,0.023255814,0.14643285
0.526675787,0.395348837,0.14641708
0.527359781,0.348837209,0.14640132
0.528043776,0.162790698,0.14638554
0.52872777,0.093023256,0.14636976
0.529411765,0.046511628,0.14635396
0.530095759,0.023255814,0.14633818
0.530779754,0.046511628,0.14632237
0.531463748,0.348837209,0.14630656
0.532147743,0.11627907,0.14629075
0.532831737,0.23255814,0.14627494
0.533515732,0.139534884,0.14625911
0.534199726,0.11627907,0.14624327
0.534883721,0.441860465,0.14622745
0.535567715,0.209302326,0.1462116
0.53625171,0.023255814,0.14619575
0.536935705,0.023255814,0.1461799
0.537619699,0.23255814,0.14616403
0.538303694,0.093023256,0.14614816
0.538987688,0.046511628,0.14613229
0.539671683,0.279069767,0.1461164
0.540355677,0.209302326,0.14610052
0.541039672,0.023255814,0.14608464
0.541723666,0.023255814,0.14606872
0.542407661,0.23255814,0.14605282
0.543091655,0.348837209,0.14603691
0.54377565,0.302325581,0.146021
0.544459644,0.023255814,0.14600506
0.545143639,0.023255814,0.14598913
0.545827633,0.023255814,0.1459732
0.546511628,0.093023256,0.14595726
0.547195622,0.186046512,0.14594132
0.547879617,0.046511628,0.14592536
0.548563611,0.209302326,0.1459094
0.549247606,0.209302326,0.14589342
0.549931601,0.139534884,0.14587745
0.550615595,0.046511628,0.14586148
0.55129959,0.069767442,0.14584549
0.551983584,0.023255814,0.1458295
0.552667579,0.302325581,0.1458135
0.553351573,0.046511628,0.14579749
0.554035568,0.069767442,0.14578149
0.554719562,0.046511628,0.14576547
0.555403557,0.023255814,0.14574945
0.556087551,0.209302326,0.14573342
0.556771546,0.093023256,0.14571738
0.55745554,0.023255814,0.14570135
0.558139535,0.11627907,0.1456853
0.558823529,0.372093023,0.14566924
0.559507524,0.11627907,0.14565319
0.560191518,0.23255814,0.14563711
0.560875513,0.023255814,0.14562105
0.561559508,0.162790698,0.14560497
0.562243502,0.139534884,0.14558887
0.562927497,0.11627907,0.1455728
0.563611491,0.372093023,0.14555669
0.564295486,0.139534884,0.1455406
0.56497948,0.11627907,0.14552449
0.565663475,0.046511628,0.14550836
0.566347469,0.046511628,0.14549226
0.567031464,0.046511628,0.14547612
0.567715458,0.11627907,0.14546
0.568399453,0.069767442,0.14544386
0.569083447,0.441860465,0.1454277
0.569767442,0.11627907,0.14541155
0.570451436,0.093023256,0.1453954
0.571135431,0.11627907,0.14537923
0.571819425,0.162790698,0.14536306
0.57250342,0.11627907,0.14534688
0.573187415,0.279069767,0.14533071
0.573871409,0.023255814,0.14531451
0.574555404,0.069767442,0.14529833
0.575239398,0.186046512,0.14528212
0.575923393,0.186046512,0.14526592
0.576607387,0.069767442,0.14524971
0.577291382,0.046511628,0.14523348
0.577975376,0.046511628,0.14521727
0.578659371,0.209302326,0.14520103
0.579343365,0.209302326,0.1451848
0.58002736,0.139534884,0.14516856
0.580711354,0.023255814,0.1451523
0.581395349,0.046511628,0.14513606
0.582079343,0.11627907,0.14511979
0.582763338,0.069767442,0.14510353
0.583447332,0.046511628,0.14508726
0.584131327,0.093023256,0.14507097
0.584815321,0.23255814,0.14505468
0.585499316,0.23255814,0.1450384
0.586183311,0.023255814,0.1450221
0.586867305,0.069767442,0.14500579
0.5875513,0.023255814,0.14498949
0.588235294,0.325581395,0.14497317
0.588919289,0.093023256,0.14495686
0.589603283,0.11627907,0.14494053
0.590287278,0.093023256,0.1449242
0.590971272,0.441860465,0.14490785
0.591655267,0.11627907,0.1448915
0.592339261,0.023255814,0.14487515
0.593023256,0.046511628,0.14485879
0.59370725,0.11627907,0.14484243
0.594391245,0.11627907,0.14482607
0.595075239,0.023255814,0.1448097
0.595759234,0.069767442,0.1447933
0.596443228,0.139534884,0.14477693
0.597127223,0.093023256,0.14476053
0.597811218,0.046511628,0.14474413
0.598495212,0.093023256,0.14472772
0.599179207,0.255813953,0.14471132
0.599863201,0.069767442,0.1446949
0.600547196,0.11627907,0.14467847
0.60123119,0.558139535,0.14466204
0.601915185,0.023255814,0.1446456
0.602599179,0.093023256,0.14462917
0.603283174,0.11627907,0.14461271
0.603967168,0.23255814,0.14459626
0.604651163,0.046511628,0.1445798
0.605335157,0.511627907,0.14456335
0.606019152,0.162790698,0.14454687
0.606703146,0.069767442,0.14453039
0.607387141,0.046511628,0.1445139
0.608071135,0.046511628,0.14449742
0.60875513,0.023255814,0.14448093
0.609439124,0.162790698,0.14446442
0.610123119,0.325581395,0.14444792
0.610807114,0.23255814,0.1444314
0.611491108,0.093023256,0.14441489
0.612175103,0.11627907,0.14439836
0.612859097,0.11627907,0.14438184
0.613543092,0.186046512,0.1443653
0.614227086,0.302325581,0.14434876
0.614911081,0.069767442,0.1443322
0.615595075,0.186046512,0.14431565
0.61627907,0.139534884,0.14429909
0.616963064,0.255813953,0.14428252
0.617647059,0.023255814,0.14426595
0.618331053,0.046511628,0.14424936
0.619015048,0.093023256,0.14423278
0.619699042,0.139534884,0.1442162
0.620383037,0.11627907,0.1441996
0.621067031,0.139534884,0.144183
0.621751026,0.279069767,0.1441664
0.622435021,0.255813953,0.14414978
0.623119015,0.186046512,0.14413315
0.62380301,0.11627907,0.14411654
0.624487004,0.11627907,0.1440999
0.625170999,0.046511628,0.14408326
0.625854993,0.162790698,0.14406662
0.626538988,0.139534884,0.14404997
0.627222982,0.046511628,0.14403331
0.627906977,0.23255814,0.14401665
0.628590971,0.046511628,0.144
0.629274966,0.209302326,0.14398332
0.62995896,0.11627907,0.14396663
0.630642955,0.093023256,0.14394996
0.631326949,0.11627907,0.14393327
0.632010944,0.302325581,0.14391656
0.632694938,0.581395349,0.14389986
0.633378933,0.372093023,0.14388315
0.634062927,0.046511628,0.14386643
0.634746922,0.023255814,0.14384972
0.635430917,0.23255814,0.143833
0.636114911,0.23255814,0.14381626
0.636798906,0.325581395,0.14379953
0.6374829,0.093023256,0.14378278
0.638166895,0.11627907,0.14376603
0.638850889,0.069767442,0.14374928
0.639534884,0.046511628,0.14373252
0.640218878,0.023255814,0.14371575
0.640902873,0.302325581,0.14369898
0.641586867,0.11627907,0.1436822
0.642270862,0.186046512,0.14366542
0.642954856,0.023255814,0.14364862
0.643638851,0.11627907,0.14363183
0.644322845,0.046511628,0.14361504
0.64500684,0.209302326,0.14359823
0.645690834,0.162790698,0.1435814
0.646374829,0.069767442,0.1435646
0.647058824,0.046511628,0.14354777
0.647742818,0.023255814,0.14353094
0.648426813,0.162790698,0.1435141
0.649110807,0.11627907,0.14349726
0.649794802,0.046511628,0.1434804
0.650478796,0.255813953,0.14346355
0.651162791,0.23255814,0.1434467
0.651846785,0.046511628,0.14342983
0.65253078,0.069767442,0.14341296
0.653214774,0.325581395,0.14339608
0.653898769,0.023255814,0.1433792
0.654582763,0.046511628,0.14336231
0.655266758,0.209302326,0.14334542
0.655950752,0.023255814,0.14332852
0.656634747,0.11627907,0.1433116
0.657318741,0.11627907,0.14329469
0.658002736,0.093023256,0.14327778
0.658686731,0.093023256,0.14326085
0.659370725,0.046511628,0.14324392
0.66005472,0.23255814,0.143227
0.660738714,0.23255814,0.14321005
0.661422709,0.023255814,0.14319311
0.662106703,0.139534884,0.14317615
0.662790698,0.069767442,0.1431592
0.663474692,0.046511628,0.14314224
0.664158687,0.046511628,0.14312527
0.664842681,0.046511628,0.1431083
0.665526676,0.023255814,0.1430913
0.66621067,0.046511628,0.14307432
0.666894665,0.069767442,0.14305733
0.667578659,0.139534884,0.14304033
0.668262654,0.23255814,0.14302333
0.668946648,0.069767442,0.14300631
0.669630643,0.209302326,0.1429893
0.670314637,0.348837209,0.14297228
0.670998632,0.325581395,0.14295524
0.671682627,0.348837209,0.14293821
0.672366621,0.348837209,0.14292118
0.673050616,0.325581395,0.14290413
0.67373461,0.069767442,0.14288709
0.674418605,0.093023256,0.14287002
0.675102599,0.069767442,0.14285298
0.675786594,0.11627907,0.1428359
0.676470588,0.11627907,0.14281884
0.677154583,0.093023256,0.14280175
0.677838577,0.069767442,0.14278467
0.678522572,0.093023256,0.14276758
0.679206566,0.023255814,0.14275049
0.679890561,0.418604651,0.14273338
0.680574555,0.162790698,0.14271627
0.68125855,0.023255814,0.14269917
0.681942544,0.069767442,0.14268205
0.682626539,0.023255814,0.14266492
0.683310534,0.186046512,0.14264779
0.683994528,0.023255814,0.14263065
0.684678523,0.209302326,0.14261352
0.685362517,0.186046512,0.14259636
0.686046512,0.302325581,0.14257921
0.686730506,0.069767442,0.14256206
0.687414501,0.11627907,0.1425449
0.688098495,0.162790698,0.14252773
0.68878249,0.069767442,0.14251055
0.689466484,0.255813953,0.14249337
0.690150479,0.069767442,0.14247619
0.690834473,0.139534884,0.14245899
0.691518468,0.534883721,0.1424418
0.692202462,0.209302326,0.14242458
0.692886457,0.069767442,0.14240739
0.693570451,0.046511628,0.14239016
0.694254446,0.209302326,0.14237295
0.69493844,0.023255814,0.14235573
0.695622435,0.023255814,0.14233848
0.69630643,0.069767442,0.14232126
0.696990424,0.186046512,0.142304
0.697674419,0.046511628,0.14228676
0.698358413,0.069767442,0.1422695
0.699042408,0.069767442,0.14225225
0.699726402,0.209302326,0.14223498
0.700410397,0.046511628,0.14221771
0.701094391,0.23255814,0.14220044
0.701778386,0.023255814,0.14218315
0.70246238,0.302325581,0.14216587
0.703146375,0.162790698,0.14214857
0.703830369,0.11627907,0.14213127
0.704514364,0.093023256,0.14211397
0.705198358,0.046511628,0.14209667
0.705882353,0.255813953,0.14207934
0.706566347,0.023255814,0.14206202
0.707250342,0.325581395,0.1420447
0.707934337,0.209302326,0.14202736
0.708618331,0.046511628,0.14201003
0.709302326,0.023255814,0.14199269
0.70998632,0.069767442,0.14197533
0.710670315,0.139534884,0.14195798
0.711354309,0.162790698,0.14194062
0.712038304,0.325581395,0.14192325
0.712722298,0.093023256,0.14190589
0.713406293,0.488372093,0.14188851
0.714090287,0.069767442,0.14187112
0.714774282,0.023255814,0.14185373
0.715458276,0.139534884,0.14183635
0.716142271,0.11627907,0.14181894
0.716826265,0.604651163,0.14180154
0.71751026,0.069767442,0.14178413
0.718194254,0.069767442,0.14176671
0.718878249,0.11627907,0.1417493
0.719562244,0.139534884,0.14173187
0.720246238,0.093023256,0.14171444
0.720930233,0.162790698,0.14169699
0.721614227,0.11627907,0.14167956
0.722298222,0.325581395,0.1416621
0.722982216,0.046511628,0.14164464
0.723666211,0.255813953,0.14162719
0.724350205,0.186046512,0.14160973
0.7250342,0.11627907,0.14159225
0.725718194,0.023255814,0.14157477
0.726402189,0.046511628,0.14155729
0.727086183,0.139534884,0.14153981
0.727770178,0.093023256,0.14152232
0.728454172,0.255813953,0.14150481
0.729138167,0.046511628,0.14148732
0.729822161,0.11627907,0.1414698
0.730506156,0.069767442,0.14145228
0.73119015,0.279069767,0.14143476
0.731874145,0.255813953,0.14141724
0.73255814,0.023255814,0.14139971
0.733242134,0.069767442,0.14138217
0.733926129,0.023255814,0.14136463
0.734610123,0.186046512,0.14134708
0.735294118,0.162790698,0.14132953
0.735978112,0.488372093,0.14131197
0.736662107,0.023255814,0.1412944
0.737346101,0.069767442,0.14127684
0.738030096,0.186046512,0.14125925
0.73871409,0.139534884,0.14124167
0.739398085,0.139534884,0.14122409
0.740082079,0.209302326,0.1412065
0.740766074,0.23255814,0.1411889
0.741450068,0.023255814,0.1411713
0.742134063,0.069767442,0.1411537
0.742818057,0.069767442,0.14113608
0.743502052,0.23255814,0.14111847
0.744186047,0.11627907,0.14110084
0.744870041,0.11627907,0.14108321
0.745554036,0.069767442,0.14106557
0.74623803,0.488372093,0.14104792
0.746922025,0.046511628,0.14103028
0.747606019,0.093023256,0.14101264
0.748290014,0.139534884,0.14099498
0.748974008,0.069767442,0.14097731
0.749658003,0.139534884,0.14095965
0.750341997,0.023255814,0.14094198
0.751025992,0.023255814,0.1409243
0.751709986,0.139534884,0.14090662
0.752393981,0.046511628,0.14088893
0.753077975,0.093023256,0.14087123
0.75376197,0.069767442,0.14085352
0.754445964,0.186046512,0.14083582
0.755129959,0.348837209,0.14081812
0.755813953,0.279069767,0.14080039
0.756497948,0.023255814,0.14078267
0.757181943,0.139534884,0.14076495
0.757865937,0.279069767,0.14074722
0.758549932,0.139534884,0.14072947
0.759233926,0.023255814,0.14071172
0.759917921,0.139534884,0.14069398
0.760601915,0.139534884,0.14067623
0.76128591,0.023255814,0.14065847
0.761969904,0.046511628,0.1406407
0.762653899,0.069767442,0.14062294
0.763337893,0.023255814,0.14060517
0.764021888,0.046511628,0.14058737
0.764705882,0.023255814,0.1405696
0.765389877,0.069767442,0.1405518
0.766073871,0.23255814,0.140534
0.766757866,0.046511628,0.1405162
0.76744186,0.511627907,0.1404984
0.768125855,0.093023256,0.14048058
0.76880985,0.023255814,0.14046276
0.769493844,0.046511628,0.14044493
0.770177839,0.093023256,0.14042711
0.770861833,0.209302326,0.14040928
0.771545828,0.069767442,0.14039144
0.772229822,0.139534884,0.14037359
0.772913817,0.023255814,0.14035574
0.773597811,0.139534884,0.14033788
0.774281806,0.093023256,0.14032003
0.7749658,0.069767442,0.14030215
0.775649795,0.11627907,0.14028428
0.776333789,0.465116279,0.14026642
0.777017784,0.069767442,0.14024854
0.777701778,0.023255814,0.14023064
0.778385773,0.186046512,0.14021274
0.779069767,0.093023256,0.14019485
0.779753762,0.255813953,0.14017695
0.780437756,0.023255814,0.14015904
0.781121751,0.279069767,0.14014113
0.781805746,0.441860465,0.1401232
0.78248974,0.162790698,0.14010528
0.783173735,0.023255814,0.14008735
0.783857729,0.023255814,0.14006943
0.784541724,0.046511628,0.14005148
0.785225718,0.069767442,0.14003353
0.785909713,0.046511628,0.14001559
0.786593707,0.162790698,0.13999763
0.787277702,0.11627907,0.13997966
0.787961696,0.139534884,0.13996169
0.788645691,0.093023256,0.13994372
0.789329685,0.186046512,0.13992575
0.79001368,0.325581395,0.13990776
0.790697674,0.069767442,0.13988978
0.791381669,0.11627907,0.13987179
0.792065663,0.511627907,0.13985379
0.792749658,0.023255814,0.13983579
0.793433653,0.209302326,0.13981777
0.794117647,0.023255814,0.13979976
0.794801642,0.069767442,0.13978174
0.795485636,0.255813953,0.13976371
0.796169631,0.093023256,0.13974568
0.796853625,0.418604651,0.13972765
0.79753762,0.093023256,0.13970962
0.798221614,0.139534884,0.13969158
0.798905609,0.023255814,0.13967352
0.799589603,0.441860465,0.13965547
0.800273598,0.023255814,0.13963741
0.800957592,0.209302326,0.13961934
0.801641587,0.069767442,0.13960126
0.802325581,0.11627907,0.13958319
0.803009576,0.162790698,0.13956511
0.80369357,0.046511628,0.13954702
0.804377565,0.046511628,0.13952893
0.80506156,0.046511628,0.13951084
0.805745554,0.372093023,0.13949274
0.806429549,0.11627907,0.13947463
0.807113543,0.046511628,0.13945651
0.807797538,0.348837209,0.13943839
0.808481532,0.11627907,0.13942027
0.809165527,0.046511628,0.13940214
0.809849521,0.046511628,0.139384
0.810533516,0.139534884,0.13936587
0.81121751,0.186046512,0.13934773
0.811901505,0.069767442,0.13932958
0.812585499,0.069767442,0.13931143
0.813269494,0.186046512,0.13929327
0.813953488,0.023255814,0.1392751
0.814637483,0.069767442,0.13925692
0.815321477,0.348837209,0.13923876
0.816005472,0.023255814,0.13922058
0.816689466,0.279069767,0.13920239
0.817373461,0.023255814,0.1391842
0.818057456,0.139534884,0.13916601
0.81874145,0.069767442,0.1391478
0.819425445,0.023255814,0.13912961
0.820109439,0.209302326,0.1391114
0.820793434,0.046511628,0.13909318
0.821477428,0.023255814,0.13907495
0.822161423,0.209302326,0.13905673
0.822845417,0.046511628,0.1390385
0.823529412,0.23255814,0.13902026
0.824213406,0.279069767,0.13900203
0.824897401,0.255813953,0.13898377
0.825581395,0.139534884,0.13896552
0.82626539,0.11627907,0.13894726
0.826949384,0.255813953,0.13892901
0.827633379,0.11627907,0.13891074
0.828317373,0.069767442,0.13889247
0.829001368,0.046511628,0.13887419
0.829685363,0.069767442,0.1388559
0.830369357,0.046511628,0.13883762
0.831053352,0.069767442,0.13881934
0.831737346,0.186046512,0.13880104
0.832421341,0.325581395,0.13878272
0.833105335,0.11627907,0.13876443
0.83378933,0.325581395,0.13874611
0.834473324,0.209302326,0.1387278
0.835157319,0.069767442,0.13870947
0.835841313,0.023255814,0.13869114
0.836525308,0.279069767,0.13867281
0.837209302,0.11627907,0.13865447
0.837893297,0.441860465,0.13863613
0.838577291,0.162790698,0.13861778
0.839261286,0.023255814,0.13859943
0.83994528,0.139534884,0.13858108
0.840629275,0.23255814,0.13856271
0.841313269,0.023255814,0.13854435
0.841997264,0.023255814,0.13852596
0.842681259,0.11627907,0.13850759
0.843365253,0.046511628,0.13848922
0.844049248,0.162790698,0.13847083
0.844733242,0.186046512,0.13845243
0.845417237,0.023255814,0.13843402
0.846101231,0.023255814,0.13841563
0.846785226,0.186046512,0.13839722
0.84746922,0.046511628,0.13837881
0.848153215,0.348837209,0.1383604
0.848837209,0.093023256,0.13834196
0.849521204,0.279069767,0.13832355
0.850205198,0.534883721,0.1383051
0.850889193,0.23255814,0.13828667
0.851573187,0.302325581,0.13826823
0.852257182,0.093023256,0.13824977
0.852941176,0.093023256,0.13823132
0.853625171,0.046511628,0.13821286
0.854309166,0.11627907,0.13819441
0.85499316,0.069767442,0.13817593
0.855677155,0.488372093,0.13815746
0.856361149,0.093023256,0.13813898
0.857045144,0.023255814,0.1381205
0.857729138,0.162790698,0.13810201
0.858413133,0.046511628,0.13808352
0.859097127,0.046511628,0.13806503
0.859781122,0.023255814,0.13804652
0.860465116,0.186046512,0.13802801
0.861149111,0.23255814,0.1380095
0.861833105,0.069767442,0.13799098
0.8625171,0.209302326,0.13797246
0.863201094,0.093023256,0.13795394
0.863885089,0.069767442,0.1379354
0.864569083,0.023255814,0.13791686
0.865253078,0.11627907,0.13789833
0.865937073,0.069767442,0.13787977
0.866621067,0.093023256,0.13786122
0.867305062,0.186046512,0.13784267
0.867989056,0.209302326,0.1378241
0.868673051,0.209302326,0.13780554
0.869357045,0.023255814,0.13778697
0.87004104,0.093023256,0.13776839
0.870725034,0.418604651,0.1377498
0.871409029,0.069767442,0.13773122
0.872093023,0.162790698,0.13771263
0.872777018,0.11627907,0.13769403
0.873461012,0.279069767,0.13767543
0.874145007,0.069767442,0.13765682
0.874829001,0.093023256,0.13763821
0.875512996,0.023255814,0.1376196
0.87619699,0.069767442,0.13760099
0.876880985,0.023255814,0.13758236
0.877564979,0.023255814,0.13756372
0.878248974,0.093023256,0.1375451
0.878932969,0.162790698,0.13752645
0.879616963,0.255813953,0.1375078
0.880300958,0.209302326,0.13748915
0.880984952,0.186046512,0.1374705
0.881668947,0.139534884,0.13745184
0.882352941,0.418604651,0.13743317
0.883036936,0.046511628,0.13741452
0.88372093,0.023255814,0.13739583
0.884404925,0.046511628,0.13737716
0.885088919,0.162790698,0.13735847
0.885772914,0.325581395,0.13733979
0.886456908,0.11627907,0.13732108
0.887140903,0.023255814,0.1373024
0.887824897,0.093023256,0.13728368
0.888508892,0.069767442,0.13726498
0.889192886,0.069767442,0.13724627
0.889876881,0.139534884,0.13722755
0.890560876,0.093023256,0.13720882
0.89124487,0.162790698,0.1371901
0.891928865,0.139534884,0.13717137
0.892612859,0.093023256,0.13715263
0.893296854,0.162790698,0.1371339
0.893980848,0.139534884,0.13711514
0.894664843,0.139534884,0.13709639
0.895348837,0.558139535,0.13707763
0.896032832,0.209302326,0.13705887
0.896716826,0.279069767,0.13704011
0.897400821,0.302325581,0.13702133
0.898084815,0.11627907,0.13700256
0.89876881,0.069767442,0.13698378
0.899452804,0.069767442,0.13696499
0.900136799,0.139534884,0.1369462
0.900820793,0.139534884,0.13692741
0.901504788,0.046511628,0.13690862
0.902188782,0.209302326,0.13688982
0.902872777,0.093023256,0.136871
0.903556772,0.23255814,0.13685219
0.904240766,0.046511628,0.13683337
0.904924761,0.11627907,0.13681455
0.905608755,0.023255814,0.13679571
0.90629275,0.186046512,0.13677688
0.906976744,0.046511628,0.13675804
0.907660739,0.046511628,0.13673921
0.908344733,0.162790698,0.13672036
0.909028728,0.255813953,0.13670151
0.909712722,0.046511628,0.13668266
0.910396717,0.046511628,0.1366638
0.911080711,0.11627907,0.13664493
0.911764706,0.046511628,0.13662605
0.9124487,0.023255814,0.13660719
0.913132695,0.23255814,0.1365883
0.913816689,0.093023256,0.13656941
0.914500684,0.069767442,0.13655053
0.915184679,0.046511628,0.13653164
0.915868673,0.023255814,0.13651273
0.916552668,0.139534884,0.13649383
0.917236662,0.209302326,0.13647492
0.917920657,0.023255814,0.13645601
0.918604651,0.046511628,0.13643709
0.919288646,0.186046512,0.13641816
0.91997264,0.023255814,0.13639924
0.920656635,0.11627907,0.13638031
0.921340629,0.186046512,0.13636138
0.922024624,0.023255814,0.13634244
0.922708618,0.046511628,0.13632348
0.923392613,0.162790698,0.13630454
0.924076607,0.186046512,0.13628559
0.924760602,0.11627907,0.13626662
0.925444596,0.046511628,0.13624766
0.926128591,0.093023256,0.1362287
0.926812585,0.11627907,0.13620971
0.92749658,0.093023256,0.13619074
0.928180575,0.046511628,0.13617176
0.928864569,0.209302326,0.13615276
0.929548564,0.139534884,0.13613378
0.930232558,0.093023256,0.13611478
0.930916553,0.069767442,0.13609578
0.931600547,0.186046512,0.13607676
0.932284542,0.046511628,0.13605776
0.932968536,0.11627907,0.13603875
0.933652531,0.093023256,0.13601972
0.934336525,0.325581395,0.1360007
0.93502052,0.069767442,0.13598166
0.935704514,0.139534884,0.13596264
0.936388509,0.279069767,0.13594359
0.937072503,0.186046512,0.13592455
0.937756498,0.093023256,0.1359055
0.938440492,0.069767442,0.13588645
0.939124487,0.023255814,0.13586739
0.939808482,0.023255814,0.13584833
0.940492476,0.046511628,0.13582927
0.941176471,0.046511628,0.1358102
0.941860465,0.023255814,0.13579112
0.94254446,0.023255814,0.13577203
0.943228454,0.023255814,0.13575296
0.943912449,0.023255814,0.13573387
0.944596443,0.046511628,0.13571477
0.945280438,0.186046512,0.13569567
0.945964432,0.046511628,0.13567658
0.946648427,0.069767442,0.13565746
0.947332421,0.209302326,0.13563836
0.948016416,0.093023256,0.13561924
0.94870041,0.255813953,0.1356001
0.949384405,0.209302326,0.13558099
0.950068399,0.139534884,0.13556185
0.950752394,0.23255814,0.13554272
0.951436389,0.069767442,0.13552359
0.952120383,0.139534884,0.13550444
0.952804378,0.162790698,0.13548529
0.953488372,0.186046512,0.13546614
0.954172367,0.11627907,0.13544698
0.954856361,0.069767442,0.13542782
0.955540356,0.209302326,0.13540864
0.95622435,0.534883721,0.13538948
0.956908345,0.162790698,0.1353703
0.957592339,0.186046512,0.13535112
0.958276334,0.046511628,0.13533194
0.958960328,0.23255814,0.13531275
0.959644323,0.023255814,0.13529356
0.960328317,0.046511628,0.13527435
0.961012312,0.069767442,0.13525516
0.961696306,0.465116279,0.13523594
0.962380301,0.23255814,0.13521673
0.963064295,0.046511628,0.13519752
0.96374829,0.11627907,0.1351783
0.964432285,0.186046512,0.13515908
0.965116279,0.046511628,0.13513984
0.965800274,0.046511628,0.1351206
0.966484268,0.162790698,0.13510136
0.967168263,0.279069767,0.13508213
0.967852257,0.023255814,0.13506287
0.968536252,0.046511628,0.13504362
0.969220246,0.069767442,0.13502437
0.969904241,0.093023256,0.1350051
0.970588235,0.11627907,0.13498583
0.97127223,0.023255814,0.13496657
0.971956224,0.046511628,0.13494729
0.972640219,0.279069767,0.13492802
0.973324213,0.255813953,0.13490872
0.974008208,0.139534884,0.13488944
0.974692202,0.023255814,0.13487014
0.975376197,0.093023256,0.13485084
0.976060192,0.023255814,0.13483155
0.976744186,0.372093023,0.13481224
0.977428181,0.093023256,0.13479294
0.978112175,0.093023256,0.13477361
0.97879617,0.046511628,0.1347543
0.979480164,0.093023256,0.13473497
0.980164159,0.069767442,0.13471565
0.980848153,0.046511628,0.13469632
0.981532148,0.046511628,0.13467698
0.982216142,0.069767442,0.13465764
0.982900137,0.069767442,0.1346383
0.983584131,0.046511628,0.13461894
0.984268126,0.255813953,0.13459958
0.98495212,0.023255814,0.13458022
0.985636115,0.279069767,0.13456087
0.986320109,0.279069767,0.1345415
0.987004104,0.046511628,0.13452213
0.987688098,0.255813953,0.13450274
0.988372093,0.069767442,0.13448337
0.989056088,0.046511628,0.13446398
0.989740082,0.046511628,0.1344446
0.990424077,0.23255814,0.1344252
0.991108071,0.139534884,0.13440579
0.991792066,0.558139535,0.13438639
0.99247606,0.046511628,0.13436699
0.993160055,0.395348837,0.13434757
0.993844049,0.23255814,0.13432816
0.994528044,0.069767442,0.13430874
0.995212038,0.023255814,0.13428931
0.995896033,0.046511628,0.13426988
0.996580027,0.023255814,0.13425045
0.997264022,0.093023256,0.13423102
0.997948016,0.046511628,0.13421157
0.998632011,0.069767442,0.13419212
0.999316005,0.11627907,0.13417268
1,0.093023256,0.13415322
